ClientAccountID,CurrencyPrimary,AssetClass,FXRateToBase,Symbol,Description,Conid,SecurityID,SecurityIDType,CUSIP,ISIN,UnderlyingConid,UnderlyingSymbol,Issuer,TradeID,ReportDate,TradeDate,TradeTime,SettleDateTarget,TransactionType,Exchange,Quantity,TradePrice,Multiplier,TradeMoney,Proceeds,Taxes,IBCommission,IBCommissionCurrency,ClosePrice,Open/CloseIndicator,Notes/Codes,CostBasis,FifoPnlRealized,MtmPnl,OrigTradePrice,OrigTradeDate,OrigTradeID,OrigOrderID,Strike,Expiry,Put/Call,Buy/Sell,IBOrderID,IBExecID,BrokerageOrderID,OrderReference,VolatilityOrderLink,OrderPlacementTime,ClearingFirmID,ExchOrderID,ExtExecID,OrderTime,OpenDateTime,HoldingPeriodDateTime,WhenRealized,WhenReopened,LevelOfDetail,ChangeInPrice,ChangeInQuantity,NetCash,OrderType
U1234567,USD,FUT,1,VXF3,VIX 16JAN13,106152254,,,,,13455763,VIX,,301616065,20121119,20121119,115136,20121120,ExchTrade,CFE,10,18.9,1000,189000,-189000,0,-19.7,USD,18.65,O,,189019.7,0,-2500,0,,,0,,1/16/2013,,BUY,233672124,0000d388.50aa2bd7.01.01,0008b710.0000e969.50a9c1ad.0001,,1428554414,20121119;114930,,N/A,:292433556.106696:1326800843.0,20121119;114930,--,--,--,--,EXECUTION,0,0,-2519.7,LMT
U1234567,USD,FUT,1,VXF3,VIX 16JAN13,106152254,,,,,13455763,VIX,,301617232,20121119,20121119,115810,20121120,ExchTrade,CFE,2,18.85,1000,37700,-37700,0,-3.94,USD,18.65,O,P;,37703.94,0,-400,0,,,0,,1/16/2013,,BUY,233672991,0000d388.50aa2bf5.01.01,0008b710.0000e969.50a9c1b5.0001,,1428554418,20121119;115235,,N/A,:292456991.106696:1326806338.0,20121119;115235,--,--,--,--,EXECUTION,0,0,-403.94,LMT
U1234567,USD,FUT,1,VXF3,VIX 16JAN13,106152254,,,,,13455763,VIX,,301617233,20121119,20121119,115810,20121120,ExchTrade,CFE,1,18.85,1000,18850,-18850,0,-1.97,USD,18.65,O,P;,18851.97,0,-200,0,,,0,,1/16/2013,,BUY,233672991,0000d388.50aa2bf7.01.01,0008b710.0000e969.50a9c1b5.0001,,1428554418,20121119;115235,,N/A,:292456991.106696:1326806378.0,20121119;115235,--,--,--,--,EXECUTION,0,0,-201.97,LMT
U1234567,USD,FUT,1,VXF3,VIX 16JAN13,106152254,,,,,13455763,VIX,,301617235,20121119,20121119,115810,20121120,ExchTrade,CFE,2,18.85,1000,37700,-37700,0,-3.94,USD,18.65,O,P;,37703.94,0,-400,0,,,0,,1/16/2013,,BUY,233672991,0000d388.50aa2bf6.01.01,0008b710.0000e969.50a9c1b5.0001,,1428554418,20121119;115235,,N/A,:292456991.106696:1326806358.0,20121119;115235,--,--,--,--,EXECUTION,0,0,-403.94,LMT
U1234567,USD,FUT,1,VXF3,VIX 16JAN13,106152254,,,,,13455763,VIX,,301617236,20121119,20121119,115810,20121120,ExchTrade,CFE,2,18.85,1000,37700,-37700,0,-3.94,USD,18.65,O,P;,37703.94,0,-400,0,,,0,,1/16/2013,,BUY,233672991,0000d388.50aa2bf8.01.01,0008b710.0000e969.50a9c1b5.0001,,1428554418,20121119;115235,,N/A,:292456991.106696:1326806438.0,20121119;115235,--,--,--,--,EXECUTION,0,0,-403.94,LMT
U1234567,USD,FUT,1,VXF3,VIX 16JAN13,106152254,,,,,13455763,VIX,,301617247,20121119,20121119,115823,20121120,ExchTrade,CFE,1,18.85,1000,18850,-18850,0,-1.97,USD,18.65,O,P;,18851.97,0,-200,0,,,0,,1/16/2013,,BUY,233672991,0000d388.50aa2bfa.01.01,0008b710.0000e969.50a9c1b5.0001,,1428554418,20121119;115235,,N/A,:292456991.106696:1326806768.0,20121119;115235,--,--,--,--,EXECUTION,0,0,-201.97,LMT
U1234567,USD,FUT,1,VXF3,VIX 16JAN13,106152254,,,,,13455763,VIX,,301617248,20121119,20121119,115823,20121120,ExchTrade,CFE,1,18.85,1000,18850,-18850,0,-1.97,USD,18.65,O,P;,18851.97,0,-200,0,,,0,,1/16/2013,,BUY,233672991,0000d388.50aa2bfc.01.01,0008b710.0000e969.50a9c1b5.0001,,1428554418,20121119;115235,,N/A,:292456991.106696:1326806776.0,20121119;115235,--,--,--,--,EXECUTION,0,0,-201.97,LMT
U1234567,USD,FUT,1,VXF3,VIX 16JAN13,106152254,,,,,13455763,VIX,,301617249,20121119,20121119,115823,20121120,ExchTrade,CFE,5,18.85,1000,94250,-94250,0,-9.85,USD,18.65,O,P;,94259.85,0,-1000,0,,,0,,1/16/2013,,BUY,233672991,0000d388.50aa2bfd.01.01,0008b710.0000e969.50a9c1b5.0001,,1428554418,20121119;115235,,N/A,:292456991.106696:1326806789.0,20121119;115235,--,--,--,--,EXECUTION,0,0,-1009.85,LMT
U1234567,USD,FUT,1,VXF3,VIX 16JAN13,106152254,,,,,13455763,VIX,,301617250,20121119,20121119,115823,20121120,ExchTrade,CFE,4,18.85,1000,75400,-75400,0,-7.88,USD,18.65,O,P;,75407.88,0,-800,0,,,0,,1/16/2013,,BUY,233672991,0000d388.50aa2bff.01.01,0008b710.0000e969.50a9c1b5.0001,,1428554418,20121119;115235,,N/A,:292456991.106696:1326806828.0,20121119;115235,--,--,--,--,EXECUTION,0,0,-807.88,LMT
U1234567,USD,FUT,1,VXF3,VIX 16JAN13,106152254,,,,,13455763,VIX,,301617258,20121119,20121119,115823,20121120,ExchTrade,CFE,1,18.85,1000,18850,-18850,0,-1.97,USD,18.65,O,P;,18851.97,0,-200,0,,,0,,1/16/2013,,BUY,233672991,0000d388.50aa2bfb.01.01,0008b710.0000e969.50a9c1b5.0001,,1428554418,20121119;115235,,N/A,:292456991.106696:1326806774.0,20121119;115235,--,--,--,--,EXECUTION,0,0,-201.97,LMT
U1234567,USD,FUT,1,VXF3,VIX 16JAN13,106152254,,,,,13455763,VIX,,301617259,20121119,20121119,115823,20121120,ExchTrade,CFE,1,18.85,1000,18850,-18850,0,-1.97,USD,18.65,O,P;,18851.97,0,-200,0,,,0,,1/16/2013,,BUY,233672991,0000d388.50aa2bfe.01.01,0008b710.0000e969.50a9c1b5.0001,,1428554418,20121119;115235,,N/A,:292456991.106696:1326806812.0,20121119;115235,--,--,--,--,EXECUTION,0,0,-201.97,LMT
U1234567,USD,FUT,1,VXF3,VIX 16JAN13,106152254,,,,,13455763,VIX,,301658398,20121119,20121119,161459,20121120,ExchTrade,CFE,-9,18.55,1000,-166950,166950,0,-17.73,USD,18.65,C,P;,-181827.73,-14895.46,-900,0,,,0,,1/16/2013,,SELL,233702927,0000d388.50aa31e8.02.01,0008b710.0000e969.50a9c2a6.0001,,10130377,20121119;153904,,N/A,:293894164.106696:1327027172.0,20121119;161459,--,--,--,--,EXECUTION,0,0,-917.73,LMT
U1234567,USD,FUT,1,VXF3,VIX 16JAN13,106152254,,,,,13455763,VIX,,301658410,20121119,20121119,161459,20121120,ExchTrade,CFE,-5,18.56,1000,-92800,92800,0,-9.85,USD,18.65,C,P;,-101679.85,-8889.7,-450,0,,,0,,1/16/2013,,SELL,233702927,0000d388.50aa31ef.02.01,0008b710.0000e969.50a9c2a6.0001,,10130377,20121119;153904,,N/A,:293894164.106696:1556310316.0,20121119;161459,--,--,--,--,EXECUTION,0,0,-459.85,LMT
U1234567,USD,FUT,1,VXF3,VIX 16JAN13,106152254,,,,,13455763,VIX,,301658414,20121119,20121119,161459,20121120,ExchTrade,CFE,-71,18.6,1000,-1320600,1320600,0,-139.87,USD,18.65,C,P;,-1438969.87,-118509.74,-3550,0,,,0,,1/16/2013,,SELL,233702927,0000d388.50aa31f1.02.01,0008b710.0000e969.50a9c2a6.0001,,10130377,20121119;153904,,N/A,:293894164.106696:1327027218.0,20121119;161459,--,--,--,--,EXECUTION,0,0,-3689.87,LMT
U1234567,USD,FUT,1,VXF3,VIX 16JAN13,106152254,,,,,13455763,VIX,,301658473,20121119,20121119,161459,20121120,ExchTrade,CFE,-15,18.6,1000,-279000,279000,0,-29.55,USD,18.65,C,P;,-296649.55,-17679.1,-750,0,,,0,,1/16/2013,,SELL,233702927,0000d388.50aa31f0.02.01,0008b710.0000e969.50a9c2a6.0001,,10130377,20121119;153904,,N/A,:293894164.106696:1327027190.0,20121119;161459,--,--,--,--,EXECUTION,0,0,-779.55,LMT
U1234567,USD,FUT,1,VXF3,VIX 16JAN13,106152254,,,,,13455763,VIX,,301658405,20121119,20121119,161459,20121120,ExchTrade,CFE,-20,18.6,1000,-372000,372000,0,-39.4,USD,18.65,C,,-404539.4,-32578.8,-1000,0,,,0,,1/16/2013,,SELL,233702934,0000d388.50aa31ec.02.01,0008b710.0000e969.50a9c2ae.0001,,10130382,20121119;154201,,N/A,:293905753.106696:1327027389.0,20121119;161459,--,--,--,--,EXECUTION,0,0,-1039.4,LMT
U1234567,USD,FUT,1,VXF3,VIX 16JAN13,106152254,,,,,13455763,VIX,,301658408,20121119,20121119,161459,20121120,ExchTrade,CFE,-8,18.56,1000,-148480,148480,0,-15.76,USD,18.65,C,P;,-162095.76,-13631.52,-720,0,,,0,,1/16/2013,,SELL,233702937,0000d388.50aa31ed.02.01,0008b710.0000e969.50a9c2aa.0001,,10130383,20121119;154153,,N/A,:293905618.106696:1556310322.0,20121119;161459,--,--,--,--,EXECUTION,0,0,-735.76,LMT
U1234567,USD,FUT,1,VXF3,VIX 16JAN13,106152254,,,,,13455763,VIX,,301658416,20121119,20121119,161459,20121120,ExchTrade,CFE,-10,18.55,1000,-185500,185500,0,-19.7,USD,18.65,C,P;,-200169.7,-14689.4,-1000,0,,,0,,1/16/2013,,SELL,233702937,0000d388.50aa31f5.02.01,0008b710.0000e969.50a9c2aa.0001,,10130383,20121119;154153,,N/A,:293905618.106696:1327027822.0,20121119;161459,--,--,--,--,EXECUTION,0,0,-1019.7,LMT
U1234567,USD,FUT,1,VXF3,VIX 16JAN13,106152254,,,,,13455763,VIX,,301658471,20121119,20121119,161459,20121120,ExchTrade,CFE,-2,18.6,1000,-37200,37200,0,-3.94,USD,18.65,C,P;,-39763.94,-2567.88,-100,0,,,0,,1/16/2013,,SELL,233702937,0000d388.50aa31eb.02.01,0008b710.0000e969.50a9c2aa.0001,,10130383,20121119;154153,,N/A,:293905618.106696:1327027446.0,20121119;161459,--,--,--,--,EXECUTION,0,0,-103.94,LMT
U1234567,USD,FUT,1,VXF3,VIX 16JAN13,106152254,,,,,13455763,VIX,,301658417,20121119,20121119,161459,20121120,ExchTrade,CFE,-1,18.57,1000,-18570,18570,0,-1.97,USD,18.65,C,P;,-19881.97,-1313.94,-80,0,,,0,,1/16/2013,,SELL,233702941,0000d388.50aa31f6.02.01,0008b710.0000e969.50a9c2b0.0001,,10130380,20121119;154202,,N/A,:293905875.106696:1556310392.0,20121119;161459,--,--,--,--,EXECUTION,0,0,-81.97,LMT
U1234567,USD,FUT,1,VXF3,VIX 16JAN13,106152254,,,,,13455763,VIX,,301658475,20121119,20121119,161459,20121120,ExchTrade,CFE,-10,18.55,1000,-185500,185500,0,-19.7,USD,18.65,C,P;,-197919.7,-12439.4,-1000,0,,,0,,1/16/2013,,SELL,233702941,0000d388.50aa31f3.02.01,0008b710.0000e969.50a9c2b0.0001,,10130380,20121119;154202,,N/A,:293905875.106696:1327027907.0,20121119;161459,--,--,--,--,EXECUTION,0,0,-1019.7,LMT
U1234567,USD,FUT,1,VXF3,VIX 16JAN13,106152254,,,,,13455763,VIX,,301658478,20121119,20121119,161459,20121120,ExchTrade,CFE,-9,18.55,1000,-166950,166950,0,-17.73,USD,18.65,C,P;,-178187.73,-11255.46,-900,0,,,0,,1/16/2013,,SELL,233702941,0000d388.50aa31f7.02.01,0008b710.0000e969.50a9c2b0.0001,,10130380,20121119;154202,,N/A,:293905875.106696:1327028097.0,20121119;161459,--,--,--,--,EXECUTION,0,0,-917.73,LMT
U1234567,USD,FUT,1,VXF3,VIX 16JAN13,106152254,,,,,13455763,VIX,,301658422,20121119,20121119,161459,20121120,ExchTrade,CFE,-20,18.55,1000,-371000,371000,0,-39.4,USD,18.65,C,,-397639.4,-26678.8,-2000,0,,,0,,1/16/2013,,SELL,233702945,0000d388.50aa31fa.02.01,0008b710.0000e969.50a9c2ac.0001,,10130381,20121119;154155,,N/A,:293905626.106696:1327028175.0,20121119;161459,--,--,--,--,EXECUTION,0,0,-2039.4,LMT
U1234567,USD,FUT,1,VXF3,VIX 16JAN13,106152254,,,,,13455763,VIX,,301658483,20121119,20121119,161459,20121120,ExchTrade,CFE,-20,18.55,1000,-371000,371000,0,-39.4,USD,18.65,C,,-396039.4,-25078.8,-2000,0,,,0,,1/16/2013,,SELL,233702978,0000d388.50aa31fb.02.01,0008b710.0000e969.50a9c2a4.0003,,10130379.2,20121119;154158,,N/A,:293905709.106696:1327028223.0,20121119;161459,--,--,--,--,EXECUTION,0,0,-2039.4,LMT
U1234567,USD,FUT,1,VXH3,VIX 20MAR13,109783470,,,,,13455763,VIX,,301633833,20121119,20121119,134421,20121120,ExchTrade,CFE,-1,20.8,1000,-20800,20800,0,-1.97,USD,20.45,O,P;,-20798.03,0,350,0,,,0,,3/20/2013,,SELL,233685204,0000d388.50aa2d6c.01.01,0008b710.0000e969.50a9c244.0001,,1428554446,20121119;133649,,N/A,:293135386.106696:1326890775.0,20121119;133649,--,--,--,--,EXECUTION,0,0,348.03,LMT
U1234567,USD,FUT,1,VXH3,VIX 20MAR13,109783470,,,,,13455763,VIX,,301634120,20121119,20121119,134613,20121120,ExchTrade,CFE,-4,20.8,1000,-83200,83200,0,-7.88,USD,20.45,O,P;,-83192.12,0,1400,0,,,0,,3/20/2013,,SELL,233685204,0000d388.50aa2d6f.01.01,0008b710.0000e969.50a9c244.0001,,1428554446,20121119;133649,,N/A,:293135386.106696:1326891664.0,20121119;133649,--,--,--,--,EXECUTION,0,0,1392.12,LMT
U1234567,USD,FUT,1,VXH3,VIX 20MAR13,109783470,,,,,13455763,VIX,,301635653,20121119,20121119,135724,20121120,ExchTrade,CFE,-1,20.8,1000,-20800,20800,0,-1.97,USD,20.45,O,P;,-20798.03,0,350,0,,,0,,3/20/2013,,SELL,233686492,0000d388.50aa2da4.01.01,0008b710.0000e969.50a9c244.0003,,1428554446,20121119;135344,,N/A,:293212488.106696:1326896098.0,20121119;135344,--,--,--,--,EXECUTION,0,0,348.03,LMT
U1234567,USD,FUT,1,VXH3,VIX 20MAR13,109783470,,,,,13455763,VIX,,301635655,20121119,20121119,135725,20121120,ExchTrade,CFE,-6,20.8,1000,-124800,124800,0,-11.82,USD,20.45,O,P;,-124788.18,0,2100,0,,,0,,3/20/2013,,SELL,233686492,0000d388.50aa2da5.01.01,0008b710.0000e969.50a9c244.0003,,1428554446,20121119;135344,,N/A,:293212488.106696:1326896233.0,20121119;135344,--,--,--,--,EXECUTION,0,0,2088.18,LMT
U1234567,USD,FUT,1,VXH3,VIX 20MAR13,109783470,,,,,13455763,VIX,,301635656,20121119,20121119,135725,20121120,ExchTrade,CFE,-2,20.8,1000,-41600,41600,0,-3.94,USD,20.45,O,P;,-41596.06,0,700,0,,,0,,3/20/2013,,SELL,233686492,0000d388.50aa2da8.01.01,0008b710.0000e969.50a9c244.0003,,1428554446,20121119;135344,,N/A,:293212488.106696:1326896253.0,20121119;135344,--,--,--,--,EXECUTION,0,0,696.06,LMT
U1234567,USD,FUT,1,VXH3,VIX 20MAR13,109783470,,,,,13455763,VIX,,301635660,20121119,20121119,135725,20121120,ExchTrade,CFE,-10,20.8,1000,-208000,208000,0,-19.7,USD,20.45,O,P;,-207980.3,0,3500,0,,,0,,3/20/2013,,SELL,233686492,0000d388.50aa2da6.01.01,0008b710.0000e969.50a9c244.0003,,1428554446,20121119;135344,,N/A,:293212488.106696:1326896249.0,20121119;135344,--,--,--,--,EXECUTION,0,0,3480.3,LMT
U1234567,USD,FUT,1,VXH3,VIX 20MAR13,109783470,,,,,13455763,VIX,,301635661,20121119,20121119,135725,20121120,ExchTrade,CFE,-2,20.8,1000,-41600,41600,0,-3.94,USD,20.45,O,P;,-41596.06,0,700,0,,,0,,3/20/2013,,SELL,233686492,0000d388.50aa2da7.01.01,0008b710.0000e969.50a9c244.0003,,1428554446,20121119;135344,,N/A,:293212488.106696:1326896251.0,20121119;135344,--,--,--,--,EXECUTION,0,0,696.06,LMT
U1234567,USD,FUT,1,VXH3,VIX 20MAR13,109783470,,,,,13455763,VIX,,301635668,20121119,20121119,135739,20121120,ExchTrade,CFE,-1,20.8,1000,-20800,20800,0,-1.97,USD,20.45,O,P;,-20798.03,0,350,0,,,0,,3/20/2013,,SELL,233686492,0000d388.50aa2dad.01.01,0008b710.0000e969.50a9c244.0003,,1428554446,20121119;135344,,N/A,:293212488.106696:1326896404.0,20121119;135344,--,--,--,--,EXECUTION,0,0,348.03,LMT
U1234567,USD,FUT,1,VXH3,VIX 20MAR13,109783470,,,,,13455763,VIX,,301635669,20121119,20121119,135739,20121120,ExchTrade,CFE,-3,20.8,1000,-62400,62400,0,-5.91,USD,20.45,O,P;,-62394.09,0,1050,0,,,0,,3/20/2013,,SELL,233686492,0000d388.50aa2dac.01.01,0008b710.0000e969.50a9c244.0003,,1428554446,20121119;135344,,N/A,:293212488.106696:1326896324.0,20121119;135344,--,--,--,--,EXECUTION,0,0,1044.09,LMT
U1234567,USD,FUT,1,VXX2,VIX 21NOV12,102659817,,,,,13455763,VIX,,301552671,20121119,20121119,83340,20121120,ExchTrade,CFE,-4,15.93,1000,-63720,63720,0,-7.88,USD,15.25,C,P;,-70107.88,-6395.76,2720,0,,,0,,11/21/2012,,SELL,233626481,0000d388.50aa2654.03.01,0008b710.0000e969.50a9c0ee.0002,,1428554336,20121119;083340,,N/A,:289634466.106696:1556039360.0,20121119;083340,--,--,--,--,EXECUTION,0,0,2712.12,LMT
U1234567,USD,FUT,1,VXX2,VIX 21NOV12,102659817,,,,,13455763,VIX,,301553777,20121119,20121119,83817,20121120,ExchTrade,CFE,-4,15.97,1000,-63880,63880,0,-7.88,USD,15.25,C,P;,-70077.88,-6205.76,2880,0,,,0,,11/21/2012,,SELL,233626481,0000d388.50aa2669.03.01,0008b710.0000e969.50a9c0ee.0002,,1428554336,20121119;083340,,N/A,:289634466.106696:1556042187.0,20121119;083817,--,--,--,--,EXECUTION,0,0,2872.12,LMT
U1234567,USD,FUT,1,VXX2,VIX 21NOV12,102659817,,,,,13455763,VIX,,301553794,20121119,20121119,83836,20121120,ExchTrade,CFE,-1,15.97,1000,-15970,15970,0,-1.97,USD,15.25,C,P;,-17541.97,-1573.94,720,0,,,0,,11/21/2012,,SELL,233626481,0000d388.50aa266c.03.01,0008b710.0000e969.50a9c0ee.0002,,1428554336,20121119;083340,,N/A,:289634466.106696:1556042377.0,20121119;083836,--,--,--,--,EXECUTION,0,0,718.03,LMT
U1234567,USD,FUT,1,VXX2,VIX 21NOV12,102659817,,,,,13455763,VIX,,301554114,20121119,20121119,84051,20121120,ExchTrade,CFE,-2,15.97,1000,-31940,31940,0,-3.94,USD,15.25,C,P;,-35083.94,-3147.88,1440,0,,,0,,11/21/2012,,SELL,233626481,0000d388.50aa2672.03.01,0008b710.0000e969.50a9c0ee.0002,,1428554336,20121119;083340,,N/A,:289634466.106696:1556043570.0,20121119;084051,--,--,--,--,EXECUTION,0,0,1436.06,LMT
U1234567,USD,FUT,1,VXX2,VIX 21NOV12,102659817,,,,,13455763,VIX,,301554121,20121119,20121119,84055,20121120,ExchTrade,CFE,-5,15.97,1000,-79850,79850,0,-9.85,USD,15.25,C,P;,-87789.85,-7949.7,3600,0,,,0,,11/21/2012,,SELL,233626481,0000d388.50aa2674.03.01,0008b710.0000e969.50a9c0ee.0002,,1428554336,20121119;083340,,N/A,:289634466.106696:1556043899.0,20121119;084055,--,--,--,--,EXECUTION,0,0,3590.15,LMT
U1234567,USD,FUT,1,VXX2,VIX 21NOV12,102659817,,,,,13455763,VIX,,301554283,20121119,20121119,84208,20121120,ExchTrade,CFE,-21,16.02,1000,-336420,336420,0,-41.37,USD,15.25,C,P;,-377341.37,-40962.74,16170,0,,,0,,11/21/2012,,SELL,233626481,0000d388.50aa267d.03.01,0008b710.0000e969.50a9c0ee.0002,,1428554336,20121119;083340,,N/A,:289634466.106696:1556045117.0,20121119;084208,--,--,--,--,EXECUTION,0,0,16128.63,LMT
U1234567,USD,FUT,1,VXX2,VIX 21NOV12,102659817,,,,,13455763,VIX,,301554290,20121119,20121119,84211,20121120,ExchTrade,CFE,-10,16.02,1000,-160200,160200,0,-19.7,USD,15.25,C,P;,-169519.7,-9339.4,7700,0,,,0,,11/21/2012,,SELL,233626481,0000d388.50aa267f.03.01,0008b710.0000e969.50a9c0ee.0002,,1428554336,20121119;083340,,N/A,:289634466.106696:1556045194.0,20121119;084211,--,--,--,--,EXECUTION,0,0,7680.3,LMT
U1234567,USD,FUT,1,VXX2,VIX 21NOV12,102659817,,,,,13455763,VIX,,301554291,20121119,20121119,84212,20121120,ExchTrade,CFE,-21,16.02,1000,-336420,336420,0,-41.37,USD,15.25,C,P;,-354431.37,-18052.74,16170,0,,,0,,11/21/2012,,SELL,233626481,0000d388.50aa2681.03.01,0008b710.0000e969.50a9c0ee.0002,,1428554336,20121119;083340,,N/A,:289634466.106696:1556045218.0,20121119;084212,--,--,--,--,EXECUTION,0,0,16128.63,LMT
U1234567,USD,FUT,1,VXX2,VIX 21NOV12,102659817,,,,,13455763,VIX,,301554296,20121119,20121119,84213,20121120,ExchTrade,CFE,-10,16.02,1000,-160200,160200,0,-19.7,USD,15.25,C,P;,-168319.7,-8139.4,7700,0,,,0,,11/21/2012,,SELL,233626481,0000d388.50aa2682.03.01,0008b710.0000e969.50a9c0ee.0002,,1428554336,20121119;083340,,N/A,:289634466.106696:1556045230.0,20121119;084213,--,--,--,--,EXECUTION,0,0,7680.3,LMT
U1234567,USD,FUT,1,VXX2,VIX 21NOV12,102659817,,,,,13455763,VIX,,301554297,20121119,20121119,84213,20121120,ExchTrade,CFE,-5,16.02,1000,-80100,80100,0,-9.85,USD,15.25,C,P;,-84159.85,-4069.7,3850,0,,,0,,11/21/2012,,SELL,233626481,0000d388.50aa2683.03.01,0008b710.0000e969.50a9c0ee.0002,,1428554336,20121119;083340,,N/A,:289634466.106696:1556045240.0,20121119;084213,--,--,--,--,EXECUTION,0,0,3840.15,LMT
U1234567,USD,FUT,1,VXX2,VIX 21NOV12,102659817,,,,,13455763,VIX,,301554298,20121119,20121119,84213,20121120,ExchTrade,CFE,-5,16.02,1000,-80100,80100,0,-9.85,USD,15.25,C,P;,-90009.85,-9919.7,3850,0,,,0,,11/21/2012,,SELL,233626481,0000d388.50aa2684.03.01,0008b710.0000e969.50a9c0ee.0002,,1428554336,20121119;083340,,N/A,:289634466.106696:1556045250.0,20121119;084213,--,--,--,--,EXECUTION,0,0,3840.15,LMT
U1234567,USD,FUT,1,VXX2,VIX 21NOV12,102659817,,,,,13455763,VIX,,301554295,20121119,20121119,84214,20121120,ExchTrade,CFE,-2,16.02,1000,-32040,32040,0,-3.94,USD,15.25,C,P;,-36003.94,-3967.88,1540,0,,,0,,11/21/2012,,SELL,233626481,0000d388.50aa2685.03.01,0008b710.0000e969.50a9c0ee.0002,,1428554336,20121119;083340,,N/A,:289634466.106696:1556045262.0,20121119;084214,--,--,--,--,EXECUTION,0,0,1536.06,LMT
U1234567,USD,FUT,1,VXX2,VIX 21NOV12,102659817,,,,,13455763,VIX,,301561117,20121119,20121119,91721,20121120,ExchTrade,CFE,-1,16,1000,-16000,16000,0,-1.97,USD,15.25,C,P;,-18001.97,-2003.94,750,0,,,0,,11/21/2012,,SELL,233632292,0000d388.50aa26d8.01.01,0008b710.0000e969.50a9c117.0001,,1428554347,20121119;091721,,N/A,:289885839.106696:1326522267.0,20121119;091721,--,--,--,--,EXECUTION,0,0,748.03,LMT
U1234567,USD,FUT,1,VXX2,VIX 21NOV12,102659817,,,,,13455763,VIX,,301561119,20121119,20121119,91721,20121120,ExchTrade,CFE,-19,16,1000,-304000,304000,0,-37.43,USD,15.25,C,P;,-338057.43,-34094.86,14250,0,,,0,,11/21/2012,,SELL,233632292,0000d388.50aa26d7.01.01,0008b710.0000e969.50a9c117.0001,,1428554347,20121119;091721,,N/A,:289885716.106696:1326522194.0,20121119;091721,--,--,--,--,EXECUTION,0,0,14212.57,LMT
U1234567,USD,FUT,1,VXX2,VIX 21NOV12,102659817,,,,,13455763,VIX,,301561122,20121119,20121119,91728,20121120,ExchTrade,CFE,-6,16,1000,-96000,96000,0,-11.82,USD,15.25,C,P;,-106811.82,-10823.64,4500,0,,,0,,11/21/2012,,SELL,233632292,0000d388.50aa26da.01.01,0008b710.0000e969.50a9c117.0001,,1428554347,20121119;091721,,N/A,:289887039.106696:1326522367.0,20121119;091728,--,--,--,--,EXECUTION,0,0,4488.18,LMT
U1234567,USD,FUT,1,VXX2,VIX 21NOV12,102659817,,,,,13455763,VIX,,301561124,20121119,20121119,91729,20121120,ExchTrade,CFE,-8,16,1000,-128000,128000,0,-15.76,USD,15.25,C,P;,-142225.76,-14241.52,6000,0,,,0,,11/21/2012,,SELL,233632292,0000d388.50aa26db.01.01,0008b710.0000e969.50a9c117.0001,,1428554347,20121119;091721,,N/A,:289887442.106696:1326522415.0,20121119;091729,--,--,--,--,EXECUTION,0,0,5984.24,LMT
U1234567,USD,FUT,1,VXX2,VIX 21NOV12,102659817,,,,,13455763,VIX,,301561239,20121119,20121119,91822,20121120,ExchTrade,CFE,-16,16,1000,-256000,256000,0,-31.52,USD,15.25,C,P;,-284031.52,-28063.04,12000,0,,,0,,11/21/2012,,SELL,233632292,0000d388.50aa26e1.01.01,0008b710.0000e969.50a9c117.0001,,1428554347,20121119;091721,,N/A,:289892599.106696:1326522687.0,20121119;091822,--,--,--,--,EXECUTION,0,0,11968.48,LMT
U1234567,USD,FUT,1,VXX2,VIX 21NOV12,102659817,,,,,13455763,VIX,,301561918,20121119,20121119,92418,20121120,ExchTrade,CFE,-1,16,1000,-16000,16000,0,-1.97,USD,15.25,C,P;,-17751.97,-1753.94,750,0,,,0,,11/21/2012,,SELL,233632965,0000d388.50aa26eb.01.01,0008b710.0000e969.50a9c11a.0001,,1428554349,20121119;092351,,N/A,:289914304.106696:1326524356.0,20121119;092418,--,--,--,--,EXECUTION,0,0,748.03,LMT
U1234567,USD,FUT,1,VXX2,VIX 21NOV12,102659817,,,,,13455763,VIX,,301561926,20121119,20121119,92429,20121120,ExchTrade,CFE,-10,16,1000,-160000,160000,0,-19.7,USD,15.25,C,P;,-177419.7,-17439.4,7500,0,,,0,,11/21/2012,,SELL,233632965,0000d388.50aa26ef.01.01,0008b710.0000e969.50a9c11a.0001,,1428554349,20121119;092351,,N/A,:289915997.106696:1326524475.0,20121119;092429,--,--,--,--,EXECUTION,0,0,7480.3,LMT
U1234567,USD,FUT,1,VXX2,VIX 21NOV12,102659817,,,,,13455763,VIX,,301572103,20121119,20121119,94632,20121120,ExchTrade,CFE,-1,15.62,1000,-15620,15620,0,-1.97,USD,15.25,C,P;,-17681.97,-2063.94,370,0,,,0,,11/21/2012,,SELL,233640167,0000d388.50aa282f.03.01,0008b710.0000e969.50a9c123.0001,,1428554351,20121119;094618,,N/A,:290498120.106696:1556096459.0,20121119;094632,--,--,--,--,EXECUTION,0,0,368.03,LMT
U1234567,USD,FUT,1,VXX2,VIX 21NOV12,102659817,,,,,13455763,VIX,,301572477,20121119,20121119,94717,20121120,ExchTrade,CFE,-2,15.65,1000,-31300,31300,0,-3.94,USD,15.25,C,P;,-35363.94,-4067.88,800,0,,,0,,11/21/2012,,SELL,233640167,0000d388.50aa2836.03.01,0008b710.0000e969.50a9c123.0001,,1428554351,20121119;094618,,N/A,:290498120.106696:1556097373.0,20121119;094717,--,--,--,--,EXECUTION,0,0,796.06,LMT
U1234567,USD,FUT,1,VXX2,VIX 21NOV12,102659817,,,,,13455763,VIX,,301572683,20121119,20121119,94802,20121120,ExchTrade,CFE,-2,15.65,1000,-31300,31300,0,-3.94,USD,15.25,C,P;,-35363.94,-4067.88,800,0,,,0,,11/21/2012,,SELL,233640167,0000d388.50aa2846.03.01,0008b710.0000e969.50a9c123.0001,,1428554351,20121119;094618,,N/A,:290498120.106696:1556099371.0,20121119;094802,--,--,--,--,EXECUTION,0,0,796.06,LMT
U1234567,USD,FUT,1,VXX2,VIX 21NOV12,102659817,,,,,13455763,VIX,,301572245,20121119,20121119,94825,20121120,ExchTrade,CFE,-1,15.62,1000,-15620,15620,0,-1.97,USD,15.25,C,P;,-17681.97,-2063.94,370,0,,,0,,11/21/2012,,SELL,233640288,0000d388.50aa284d.03.01,0008b710.0000e969.50a9c123.0002,,1428554351,20121119;094824,,N/A,:290569279.106696:1556100545.0,20121119;094825,--,--,--,--,EXECUTION,0,0,368.03,LMT
U1234567,USD,FUT,1,VXX2,VIX 21NOV12,102659817,,,,,13455763,VIX,,301572945,20121119,20121119,94825,20121120,ExchTrade,CFE,-2,15.63,1000,-31260,31260,0,-3.94,USD,15.25,C,P;,-35363.94,-4107.88,760,0,,,0,,11/21/2012,,SELL,233640288,0000d388.50aa284c.03.01,0008b710.0000e969.50a9c123.0002,,1428554351,20121119;094824,,N/A,:290569279.106696:1556100536.0,20121119;094825,--,--,--,--,EXECUTION,0,0,756.06,LMT
U1234567,USD,FUT,1,VXX2,VIX 21NOV12,102659817,,,,,13455763,VIX,,301572949,20121119,20121119,94825,20121120,ExchTrade,CFE,-2,15.62,1000,-31240,31240,0,-3.94,USD,15.25,C,P;,-35363.94,-4127.88,740,0,,,0,,11/21/2012,,SELL,233640288,0000d388.50aa284e.03.01,0008b710.0000e969.50a9c123.0002,,1428554351,20121119;094824,,N/A,:290569279.106696:1556100551.0,20121119;094825,--,--,--,--,EXECUTION,0,0,736.06,LMT
U1234567,USD,FUT,1,VXX2,VIX 21NOV12,102659817,,,,,13455763,VIX,,301572950,20121119,20121119,94825,20121120,ExchTrade,CFE,-1,15.62,1000,-15620,15620,0,-1.97,USD,15.25,C,P;,-17681.97,-2063.94,370,0,,,0,,11/21/2012,,SELL,233640288,0000d388.50aa284f.03.01,0008b710.0000e969.50a9c123.0002,,1428554351,20121119;094824,,N/A,:290569279.106696:1556100557.0,20121119;094825,--,--,--,--,EXECUTION,0,0,368.03,LMT
U1234567,USD,FUT,1,VXX2,VIX 21NOV12,102659817,,,,,13455763,VIX,,301572952,20121119,20121119,94825,20121120,ExchTrade,CFE,-19,15.62,1000,-296780,296780,0,-37.43,USD,15.25,C,P;,-331567.43,-34824.86,7030,0,,,0,,11/21/2012,,SELL,233640288,0000d388.50aa2850.03.01,0008b710.0000e969.50a9c123.0002,,1428554351,20121119;094824,,N/A,:290569279.106696:1556100579.0,20121119;094825,--,--,--,--,EXECUTION,0,0,6992.57,LMT
U1234567,USD,FUT,1,VXX2,VIX 21NOV12,102659817,,,,,13455763,VIX,,301572255,20121119,20121119,94832,20121120,ExchTrade,CFE,-1,15.59,1000,-15590,15590,0,-1.97,USD,15.25,C,P;,-17381.97,-1793.94,340,0,,,0,,11/21/2012,,SELL,233640288,0000d388.50aa2851.03.01,0008b710.0000e969.50a9c123.0002,,1428554351,20121119;094824,,N/A,:290569279.106696:1556101014.0,20121119;094832,--,--,--,--,EXECUTION,0,0,338.03,LMT
U1234567,USD,FUT,1,VXX2,VIX 21NOV12,102659817,,,,,13455763,VIX,,301572258,20121119,20121119,94832,20121120,ExchTrade,CFE,-1,15.57,1000,-15570,15570,0,-1.97,USD,15.25,C,P;,-17351.97,-1783.94,320,0,,,0,,11/21/2012,,SELL,233640288,0000d388.50aa2854.03.01,0008b710.0000e969.50a9c123.0002,,1428554351,20121119;094824,,N/A,:290569279.106696:1556101045.0,20121119;094832,--,--,--,--,EXECUTION,0,0,318.03,LMT
U1234567,USD,FUT,1,VXX2,VIX 21NOV12,102659817,,,,,13455763,VIX,,301572961,20121119,20121119,94832,20121120,ExchTrade,CFE,-1,15.59,1000,-15590,15590,0,-1.97,USD,15.25,C,P;,-17371.97,-1783.94,340,0,,,0,,11/21/2012,,SELL,233640288,0000d388.50aa2852.03.01,0008b710.0000e969.50a9c123.0002,,1428554351,20121119;094824,,N/A,:290569279.106696:1556101029.0,20121119;094832,--,--,--,--,EXECUTION,0,0,338.03,LMT
U1234567,USD,FUT,1,VXX2,VIX 21NOV12,102659817,,,,,13455763,VIX,,301572962,20121119,20121119,94832,20121120,ExchTrade,CFE,-1,15.59,1000,-15590,15590,0,-1.97,USD,15.25,C,P;,-17371.97,-1783.94,340,0,,,0,,11/21/2012,,SELL,233640288,0000d388.50aa2853.03.01,0008b710.0000e969.50a9c123.0002,,1428554351,20121119;094824,,N/A,:290569279.106696:1556101035.0,20121119;094832,--,--,--,--,EXECUTION,0,0,338.03,LMT
U1234567,USD,FUT,1,VXX2,VIX 21NOV12,102659817,,,,,13455763,VIX,,301572260,20121119,20121119,94834,20121120,ExchTrade,CFE,-1,15.57,1000,-15570,15570,0,-1.97,USD,15.25,C,P;,-17371.97,-1803.94,320,0,,,0,,11/21/2012,,SELL,233640288,0000d388.50aa2855.03.01,0008b710.0000e969.50a9c123.0002,,1428554351,20121119;094824,,N/A,:290569279.106696:1556101122.0,20121119;094834,--,--,--,--,EXECUTION,0,0,318.03,LMT
U1234567,USD,FUT,1,VXX2,VIX 21NOV12,102659817,,,,,13455763,VIX,,301572263,20121119,20121119,94835,20121120,ExchTrade,CFE,-1,15.59,1000,-15590,15590,0,-1.97,USD,15.25,C,P;,-17371.97,-1783.94,340,0,,,0,,11/21/2012,,SELL,233640288,0000d388.50aa2858.03.01,0008b710.0000e969.50a9c123.0002,,1428554351,20121119;094824,,N/A,:290569279.106696:1556101420.0,20121119;094835,--,--,--,--,EXECUTION,0,0,338.03,LMT
U1234567,USD,FUT,1,VXX2,VIX 21NOV12,102659817,,,,,13455763,VIX,,301572969,20121119,20121119,94835,20121120,ExchTrade,CFE,-1,15.59,1000,-15590,15590,0,-1.97,USD,15.25,C,P;,-17371.97,-1783.94,340,0,,,0,,11/21/2012,,SELL,233640288,0000d388.50aa2856.03.01,0008b710.0000e969.50a9c123.0002,,1428554351,20121119;094824,,N/A,:290569279.106696:1556101411.0,20121119;094835,--,--,--,--,EXECUTION,0,0,338.03,LMT
U1234567,USD,FUT,1,VXX2,VIX 21NOV12,102659817,,,,,13455763,VIX,,301572672,20121119,20121119,94920,20121120,ExchTrade,CFE,-63,15.59,1000,-982170,982170,0,-124.11,USD,15.25,C,P;,-1105524.11,-123478.22,21420,0,,,0,,11/21/2012,,SELL,233640288,0000d388.50aa285d.03.01,0008b710.0000e969.50a9c123.0002,,1428554351,20121119;094824,,N/A,:290569279.106696:1556101931.0,20121119;094920,--,--,--,--,EXECUTION,0,0,21295.89,LMT
U1234567,USD,FUT,1,VXX2,VIX 21NOV12,102659817,,,,,13455763,VIX,,301575583,20121119,20121119,95319,20121120,ExchTrade,CFE,-36,15.61,1000,-561960,561960,0,-70.92,USD,15.25,C,P;,-631510.92,-69621.84,12960,0,,,0,,11/21/2012,,SELL,233642247,0000d388.50aa288e.03.01,0008b710.0000e969.50a9c127.0001,,1428554353,20121119;095319,,N/A,:290717625.106696:1556115729.0,20121119;095319,--,--,--,--,EXECUTION,0,0,12889.08,LMT
U1234567,USD,FUT,1,VXX2,VIX 21NOV12,102659817,,,,,13455763,VIX,,301575587,20121119,20121119,95322,20121120,ExchTrade,CFE,-19,15.61,1000,-296590,296590,0,-37.43,USD,15.25,C,P;,-333297.43,-36744.86,6840,0,,,0,,11/21/2012,,SELL,233642247,0000d388.50aa288f.03.01,0008b710.0000e969.50a9c127.0001,,1428554353,20121119;095319,,N/A,:290717625.106696:1556115923.0,20121119;095322,--,--,--,--,EXECUTION,0,0,6802.57,LMT
U1234567,USD,FUT,1,VXX2,VIX 21NOV12,102659817,,,,,13455763,VIX,,301575662,20121119,20121119,95400,20121120,ExchTrade,CFE,-1,15.62,1000,-15620,15620,0,-1.97,USD,15.25,C,P;,-17541.97,-1923.94,370,0,,,0,,11/21/2012,,SELL,233642247,0000d388.50aa28a0.03.01,0008b710.0000e969.50a9c127.0002,,1428554353,20121119;095327,,N/A,:290719598.106696:1556117410.0,20121119;095400,--,--,--,--,EXECUTION,0,0,368.03,LMT
U1234567,USD,FUT,1,VXX2,VIX 21NOV12,102659817,,,,,13455763,VIX,,301574730,20121119,20121119,95402,20121120,ExchTrade,CFE,-40,15.62,1000,-624800,624800,0,-78.8,USD,15.25,C,P;,-701078.8,-76357.6,14800,0,,,0,,11/21/2012,,SELL,233642247,0000d388.50aa28a2.03.01,0008b710.0000e969.50a9c127.0002,,1428554353,20121119;095327,,N/A,:290719598.106696:1556117945.0,20121119;095402,--,--,--,--,EXECUTION,0,0,14721.2,LMT
U1234567,USD,FUT,1,VXX2,VIX 21NOV12,102659817,,,,,13455763,VIX,,301574779,20121119,20121119,95410,20121120,ExchTrade,CFE,-4,15.62,1000,-62480,62480,0,-7.88,USD,15.25,C,P;,-70067.88,-7595.76,1480,0,,,0,,11/21/2012,,SELL,233642247,0000d388.50aa28a3.03.01,0008b710.0000e969.50a9c127.0002,,1428554353,20121119;095327,,N/A,:290719598.106696:1556118113.0,20121119;095410,--,--,--,--,EXECUTION,0,0,1472.12,LMT
U1234567,USD,FUT,1,VXX2,VIX 21NOV12,102659817,,,,,13455763,VIX,,301575910,20121119,20121119,95433,20121120,ExchTrade,CFE,-8,15.62,1000,-124960,124960,0,-15.76,USD,15.25,C,P;,-140175.76,-15231.52,2960,0,,,0,,11/21/2012,,SELL,233642391,0000d388.50aa28a5.03.01,0008b710.0000e969.50a9c12a.0001,,1428554354,20121119;095433,,N/A,:290737540.106696:1556118256.0,20121119;095433,--,--,--,--,EXECUTION,0,0,2944.24,LMT
U1234567,USD,FUT,1,VXX2,VIX 21NOV12,102659817,,,,,13455763,VIX,,301574948,20121119,20121119,95444,20121120,ExchTrade,CFE,-1,15.6,1000,-15600,15600,0,-1.97,USD,15.25,C,P;,-17521.97,-1923.94,350,0,,,0,,11/21/2012,,SELL,233642391,0000d388.50aa28a9.03.01,0008b710.0000e969.50a9c12a.0001,,1428554354,20121119;095433,,N/A,:290737540.106696:1556118469.0,20121119;095444,--,--,--,--,EXECUTION,0,0,348.03,LMT
U1234567,USD,FUT,1,VXX2,VIX 21NOV12,102659817,,,,,13455763,VIX,,301574974,20121119,20121119,95455,20121120,ExchTrade,CFE,-2,15.59,1000,-31180,31180,0,-3.94,USD,15.25,C,P;,-35043.94,-3867.88,680,0,,,0,,11/21/2012,,SELL,233642391,0000d388.50aa28ab.03.01,0008b710.0000e969.50a9c12a.0001,,1428554354,20121119;095433,,N/A,:290737540.106696:1556118533.0,20121119;095455,--,--,--,--,EXECUTION,0,0,676.06,LMT
U1234567,USD,FUT,1,VXX2,VIX 21NOV12,102659817,,,,,13455763,VIX,,301576079,20121119,20121119,95455,20121120,ExchTrade,CFE,-1,15.59,1000,-15590,15590,0,-1.97,USD,15.25,C,P;,-17521.97,-1933.94,340,0,,,0,,11/21/2012,,SELL,233642391,0000d388.50aa28ac.03.01,0008b710.0000e969.50a9c12a.0001,,1428554354,20121119;095433,,N/A,:290737540.106696:1556118542.0,20121119;095455,--,--,--,--,EXECUTION,0,0,338.03,LMT
U1234567,USD,FUT,1,VXX2,VIX 21NOV12,102659817,,,,,13455763,VIX,,301575005,20121119,20121119,95503,20121120,ExchTrade,CFE,-1,15.57,1000,-15570,15570,0,-1.97,USD,15.25,C,P;,-17521.97,-1953.94,320,0,,,0,,11/21/2012,,SELL,233642391,0000d388.50aa28af.03.01,0008b710.0000e969.50a9c12a.0001,,1428554354,20121119;095433,,N/A,:290737540.106696:1556118617.0,20121119;095503,--,--,--,--,EXECUTION,0,0,318.03,LMT
U1234567,USD,FUT,1,VXX2,VIX 21NOV12,102659817,,,,,13455763,VIX,,301576093,20121119,20121119,95503,20121120,ExchTrade,CFE,-1,15.59,1000,-15590,15590,0,-1.97,USD,15.25,C,P;,-17521.97,-1933.94,340,0,,,0,,11/21/2012,,SELL,233642391,0000d388.50aa28ad.03.01,0008b710.0000e969.50a9c12a.0001,,1428554354,20121119;095433,,N/A,:290737540.106696:1556118589.0,20121119;095503,--,--,--,--,EXECUTION,0,0,338.03,LMT
U1234567,USD,FUT,1,VXX2,VIX 21NOV12,102659817,,,,,13455763,VIX,,301576095,20121119,20121119,95503,20121120,ExchTrade,CFE,-2,15.59,1000,-31180,31180,0,-3.94,USD,15.25,C,P;,-35043.94,-3867.88,680,0,,,0,,11/21/2012,,SELL,233642391,0000d388.50aa28ae.03.01,0008b710.0000e969.50a9c12a.0001,,1428554354,20121119;095433,,N/A,:290737540.106696:1556118595.0,20121119;095503,--,--,--,--,EXECUTION,0,0,676.06,LMT
U1234567,USD,FUT,1,VXX2,VIX 21NOV12,102659817,,,,,13455763,VIX,,301575341,20121119,20121119,95537,20121120,ExchTrade,CFE,-5,15.59,1000,-77950,77950,0,-9.85,USD,15.25,C,P;,-87569.85,-9629.7,1700,0,,,0,,11/21/2012,,SELL,233642391,0000d388.50aa28b1.03.01,0008b710.0000e969.50a9c12a.0001,,1428554354,20121119;095433,,N/A,:290737540.106696:1556119316.0,20121119;095537,--,--,--,--,EXECUTION,0,0,1690.15,LMT
U1234567,USD,FUT,1,VXX2,VIX 21NOV12,102659817,,,,,13455763,VIX,,301575590,20121119,20121119,95549,20121120,ExchTrade,CFE,-55,15.59,1000,-857450,857450,0,-108.35,USD,15.25,C,P;,-983808.35,-126466.7,18700,0,,,0,,11/21/2012,,SELL,233642391,0000d388.50aa28b3.03.01,0008b710.0000e969.50a9c12a.0001,,1428554354,20121119;095433,,N/A,:290737540.106696:1556119509.0,20121119;095549,--,--,--,--,EXECUTION,0,0,18591.65,LMT
U1234567,USD,FUT,1,VXZ2,VIX 19DEC12,105079271,,,,,13455763,VIX,,301552666,20121119,20121119,83340,20121120,ExchTrade,CFE,4,17.59,1000,70360,-70360,0,-7.88,USD,16.6,C,P;,74442.12,4074.24,-3960,0,,,0,,12/19/2012,,BUY,233626476,0000d388.50aa2654.02.01,0008b710.0000e969.50a9c0ee.0002,,1428554336,20121119;083340,,N/A,:289634466.106696:1556039362.0,20121119;083340,--,--,--,--,EXECUTION,0,0,-3967.88,LMT
U1234567,USD,FUT,1,VXZ2,VIX 19DEC12,105079271,,,,,13455763,VIX,,301553775,20121119,20121119,83817,20121120,ExchTrade,CFE,4,17.63,1000,70520,-70520,0,-7.88,USD,16.6,C,P;,74392.12,3864.24,-4120,0,,,0,,12/19/2012,,BUY,233626476,0000d388.50aa2669.02.01,0008b710.0000e969.50a9c0ee.0002,,1428554336,20121119;083340,,N/A,:289634466.106696:1556042189.0,20121119;083817,--,--,--,--,EXECUTION,0,0,-4127.88,LMT
U1234567,USD,FUT,1,VXZ2,VIX 19DEC12,105079271,,,,,13455763,VIX,,301553791,20121119,20121119,83836,20121120,ExchTrade,CFE,1,17.63,1000,17630,-17630,0,-1.97,USD,16.6,C,P;,18598.03,966.06,-1030,0,,,0,,12/19/2012,,BUY,233626476,0000d388.50aa266c.02.01,0008b710.0000e969.50a9c0ee.0002,,1428554336,20121119;083340,,N/A,:289634466.106696:1556042381.0,20121119;083836,--,--,--,--,EXECUTION,0,0,-1031.97,LMT
U1234567,USD,FUT,1,VXZ2,VIX 19DEC12,105079271,,,,,13455763,VIX,,301554113,20121119,20121119,84051,20121120,ExchTrade,CFE,2,17.63,1000,35260,-35260,0,-3.94,USD,16.6,C,P;,37196.06,1932.12,-2060,0,,,0,,12/19/2012,,BUY,233626476,0000d388.50aa2672.02.01,0008b710.0000e969.50a9c0ee.0002,,1428554336,20121119;083340,,N/A,:289634466.106696:1556043572.0,20121119;084051,--,--,--,--,EXECUTION,0,0,-2063.94,LMT
U1234567,USD,FUT,1,VXZ2,VIX 19DEC12,105079271,,,,,13455763,VIX,,301554119,20121119,20121119,84055,20121120,ExchTrade,CFE,5,17.63,1000,88150,-88150,0,-9.85,USD,16.6,C,P;,93140.15,4980.3,-5150,0,,,0,,12/19/2012,,BUY,233626476,0000d388.50aa2674.02.01,0008b710.0000e969.50a9c0ee.0002,,1428554336,20121119;083340,,N/A,:289634466.106696:1556043901.0,20121119;084055,--,--,--,--,EXECUTION,0,0,-5159.85,LMT
U1234567,USD,FUT,1,VXZ2,VIX 19DEC12,105079271,,,,,13455763,VIX,,301554281,20121119,20121119,84208,20121120,ExchTrade,CFE,21,17.68,1000,371280,-371280,0,-41.37,USD,16.6,C,P;,394078.63,22757.26,-22680,0,,,0,,12/19/2012,,BUY,233626476,0000d388.50aa267d.02.01,0008b710.0000e969.50a9c0ee.0002,,1428554336,20121119;083340,,N/A,:289634466.106696:1556045119.0,20121119;084208,--,--,--,--,EXECUTION,0,0,-22721.37,LMT
U1234567,USD,FUT,1,VXZ2,VIX 19DEC12,105079271,,,,,13455763,VIX,,301554285,20121119,20121119,84211,20121120,ExchTrade,CFE,10,17.68,1000,176800,-176800,0,-19.7,USD,16.6,C,P;,186330.3,9510.6,-10800,0,,,0,,12/19/2012,,BUY,233626476,0000d388.50aa267f.02.01,0008b710.0000e969.50a9c0ee.0002,,1428554336,20121119;083340,,N/A,:289634466.106696:1556045196.0,20121119;084211,--,--,--,--,EXECUTION,0,0,-10819.7,LMT
U1234567,USD,FUT,1,VXZ2,VIX 19DEC12,105079271,,,,,13455763,VIX,,301554288,20121119,20121119,84212,20121120,ExchTrade,CFE,21,17.68,1000,371280,-371280,0,-41.37,USD,16.6,C,P;,379638.63,8317.26,-22680,0,,,0,,12/19/2012,,BUY,233626476,0000d388.50aa2681.02.01,0008b710.0000e969.50a9c0ee.0002,,1428554336,20121119;083340,,N/A,:289634466.106696:1556045220.0,20121119;084212,--,--,--,--,EXECUTION,0,0,-22721.37,LMT
U1234567,USD,FUT,1,VXZ2,VIX 19DEC12,105079271,,,,,13455763,VIX,,301554292,20121119,20121119,84213,20121120,ExchTrade,CFE,10,17.68,1000,176800,-176800,0,-19.7,USD,16.6,C,P;,180700.3,3880.6,-10800,0,,,0,,12/19/2012,,BUY,233626476,0000d388.50aa2682.02.01,0008b710.0000e969.50a9c0ee.0002,,1428554336,20121119;083340,,N/A,:289634466.106696:1556045232.0,20121119;084213,--,--,--,--,EXECUTION,0,0,-10819.7,LMT
U1234567,USD,FUT,1,VXZ2,VIX 19DEC12,105079271,,,,,13455763,VIX,,301554293,20121119,20121119,84213,20121120,ExchTrade,CFE,5,17.68,1000,88400,-88400,0,-9.85,USD,16.6,C,P;,90320.15,1910.3,-5400,0,,,0,,12/19/2012,,BUY,233626476,0000d388.50aa2683.02.01,0008b710.0000e969.50a9c0ee.0002,,1428554336,20121119;083340,,N/A,:289634466.106696:1556045242.0,20121119;084213,--,--,--,--,EXECUTION,0,0,-5409.85,LMT
U1234567,USD,FUT,1,VXZ2,VIX 19DEC12,105079271,,,,,13455763,VIX,,301554294,20121119,20121119,84213,20121120,ExchTrade,CFE,5,17.68,1000,88400,-88400,0,-9.85,USD,16.6,C,P;,90410.15,2000.3,-5400,0,,,0,,12/19/2012,,BUY,233626476,0000d388.50aa2684.02.01,0008b710.0000e969.50a9c0ee.0002,,1428554336,20121119;083340,,N/A,:289634466.106696:1556045252.0,20121119;084213,--,--,--,--,EXECUTION,0,0,-5409.85,LMT
U1234567,USD,FUT,1,VXZ2,VIX 19DEC12,105079271,,,,,13455763,VIX,,301554299,20121119,20121119,84214,20121120,ExchTrade,CFE,2,17.68,1000,35360,-35360,0,-3.94,USD,16.6,C,P;,36256.06,892.12,-2160,0,,,0,,12/19/2012,,BUY,233626476,0000d388.50aa2685.02.01,0008b710.0000e969.50a9c0ee.0002,,1428554336,20121119;083340,,N/A,:289634466.106696:1556045264.0,20121119;084214,--,--,--,--,EXECUTION,0,0,-2163.94,LMT
U1234567,USD,FUT,1,VXZ2,VIX 19DEC12,105079271,,,,,13455763,VIX,,301572102,20121119,20121119,94632,20121120,ExchTrade,CFE,1,17.28,1000,17280,-17280,0,-1.97,USD,16.6,C,P;,18128.03,846.06,-680,0,,,0,,12/19/2012,,BUY,233640164,0000d388.50aa282f.02.01,0008b710.0000e969.50a9c123.0001,,1428554351,20121119;094618,,N/A,:290498120.106696:1556096461.0,20121119;094632,--,--,--,--,EXECUTION,0,0,-681.97,LMT
U1234567,USD,FUT,1,VXZ2,VIX 19DEC12,105079271,,,,,13455763,VIX,,301572476,20121119,20121119,94717,20121120,ExchTrade,CFE,2,17.31,1000,34620,-34620,0,-3.94,USD,16.6,C,P;,36236.06,1612.12,-1420,0,,,0,,12/19/2012,,BUY,233640164,0000d388.50aa2836.02.01,0008b710.0000e969.50a9c123.0001,,1428554351,20121119;094618,,N/A,:290498120.106696:1556097375.0,20121119;094717,--,--,--,--,EXECUTION,0,0,-1423.94,LMT
U1234567,USD,FUT,1,VXZ2,VIX 19DEC12,105079271,,,,,13455763,VIX,,301572099,20121119,20121119,94802,20121120,ExchTrade,CFE,2,17.31,1000,34620,-34620,0,-3.94,USD,16.6,C,P;,36576.06,1952.12,-1420,0,,,0,,12/19/2012,,BUY,233640164,0000d388.50aa2846.02.01,0008b710.0000e969.50a9c123.0001,,1428554351,20121119;094618,,N/A,:290498120.106696:1556099373.0,20121119;094802,--,--,--,--,EXECUTION,0,0,-1423.94,LMT
U1234567,USD,FUT,1,VXZ2,VIX 19DEC12,105079271,,,,,13455763,VIX,,301572244,20121119,20121119,94825,20121120,ExchTrade,CFE,1,17.29,1000,17290,-17290,0,-1.97,USD,16.6,C,P;,18468.03,1176.06,-690,0,,,0,,12/19/2012,,BUY,233640287,0000d388.50aa284d.02.01,0008b710.0000e969.50a9c123.0002,,1428554351,20121119;094824,,N/A,:290569279.106696:1556100547.0,20121119;094825,--,--,--,--,EXECUTION,0,0,-691.97,LMT
U1234567,USD,FUT,1,VXZ2,VIX 19DEC12,105079271,,,,,13455763,VIX,,301572248,20121119,20121119,94825,20121120,ExchTrade,CFE,1,17.29,1000,17290,-17290,0,-1.97,USD,16.6,C,P;,18468.03,1176.06,-690,0,,,0,,12/19/2012,,BUY,233640287,0000d388.50aa284f.02.01,0008b710.0000e969.50a9c123.0002,,1428554351,20121119;094824,,N/A,:290569279.106696:1556100559.0,20121119;094825,--,--,--,--,EXECUTION,0,0,-691.97,LMT
U1234567,USD,FUT,1,VXZ2,VIX 19DEC12,105079271,,,,,13455763,VIX,,301572944,20121119,20121119,94825,20121120,ExchTrade,CFE,2,17.3,1000,34600,-34600,0,-3.94,USD,16.6,C,P;,36926.06,2322.12,-1400,0,,,0,,12/19/2012,,BUY,233640287,0000d388.50aa284c.02.01,0008b710.0000e969.50a9c123.0002,,1428554351,20121119;094824,,N/A,:290569279.106696:1556100538.0,20121119;094825,--,--,--,--,EXECUTION,0,0,-1403.94,LMT
U1234567,USD,FUT,1,VXZ2,VIX 19DEC12,105079271,,,,,13455763,VIX,,301572948,20121119,20121119,94825,20121120,ExchTrade,CFE,2,17.29,1000,34580,-34580,0,-3.94,USD,16.6,C,P;,36936.06,2352.12,-1380,0,,,0,,12/19/2012,,BUY,233640287,0000d388.50aa284e.02.01,0008b710.0000e969.50a9c123.0002,,1428554351,20121119;094824,,N/A,:290569279.106696:1556100553.0,20121119;094825,--,--,--,--,EXECUTION,0,0,-1383.94,LMT
U1234567,USD,FUT,1,VXZ2,VIX 19DEC12,105079271,,,,,13455763,VIX,,301572951,20121119,20121119,94825,20121120,ExchTrade,CFE,19,17.29,1000,328510,-328510,0,-37.43,USD,16.6,C,P;,348812.57,20265.14,-13110,0,,,0,,12/19/2012,,BUY,233640287,0000d388.50aa2850.02.01,0008b710.0000e969.50a9c123.0002,,1428554351,20121119;094824,,N/A,:290569279.106696:1556100581.0,20121119;094825,--,--,--,--,EXECUTION,0,0,-13147.43,LMT
U1234567,USD,FUT,1,VXZ2,VIX 19DEC12,105079271,,,,,13455763,VIX,,301572254,20121119,20121119,94832,20121120,ExchTrade,CFE,1,17.26,1000,17260,-17260,0,-1.97,USD,16.6,C,P;,18338.03,1076.06,-660,0,,,0,,12/19/2012,,BUY,233640287,0000d388.50aa2851.02.01,0008b710.0000e969.50a9c123.0002,,1428554351,20121119;094824,,N/A,:290569279.106696:1556101016.0,20121119;094832,--,--,--,--,EXECUTION,0,0,-661.97,LMT
U1234567,USD,FUT,1,VXZ2,VIX 19DEC12,105079271,,,,,13455763,VIX,,301572256,20121119,20121119,94832,20121120,ExchTrade,CFE,1,17.26,1000,17260,-17260,0,-1.97,USD,16.6,C,P;,18338.03,1076.06,-660,0,,,0,,12/19/2012,,BUY,233640287,0000d388.50aa2853.02.01,0008b710.0000e969.50a9c123.0002,,1428554351,20121119;094824,,N/A,:290569279.106696:1556101037.0,20121119;094832,--,--,--,--,EXECUTION,0,0,-661.97,LMT
U1234567,USD,FUT,1,VXZ2,VIX 19DEC12,105079271,,,,,13455763,VIX,,301572257,20121119,20121119,94832,20121120,ExchTrade,CFE,1,17.24,1000,17240,-17240,0,-1.97,USD,16.6,C,P;,18338.03,1096.06,-640,0,,,0,,12/19/2012,,BUY,233640287,0000d388.50aa2854.02.01,0008b710.0000e969.50a9c123.0002,,1428554351,20121119;094824,,N/A,:290569279.106696:1556101047.0,20121119;094832,--,--,--,--,EXECUTION,0,0,-641.97,LMT
U1234567,USD,FUT,1,VXZ2,VIX 19DEC12,105079271,,,,,13455763,VIX,,301572960,20121119,20121119,94832,20121120,ExchTrade,CFE,1,17.26,1000,17260,-17260,0,-1.97,USD,16.6,C,P;,18338.03,1076.06,-660,0,,,0,,12/19/2012,,BUY,233640287,0000d388.50aa2852.02.01,0008b710.0000e969.50a9c123.0002,,1428554351,20121119;094824,,N/A,:290569279.106696:1556101031.0,20121119;094832,--,--,--,--,EXECUTION,0,0,-661.97,LMT
U1234567,USD,FUT,1,VXZ2,VIX 19DEC12,105079271,,,,,13455763,VIX,,301572966,20121119,20121119,94834,20121120,ExchTrade,CFE,1,17.24,1000,17240,-17240,0,-1.97,USD,16.6,C,P;,18338.03,1096.06,-640,0,,,0,,12/19/2012,,BUY,233640287,0000d388.50aa2855.02.01,0008b710.0000e969.50a9c123.0002,,1428554351,20121119;094824,,N/A,:290569279.106696:1556101124.0,20121119;094834,--,--,--,--,EXECUTION,0,0,-641.97,LMT
U1234567,USD,FUT,1,VXZ2,VIX 19DEC12,105079271,,,,,13455763,VIX,,301572968,20121119,20121119,94835,20121120,ExchTrade,CFE,1,17.26,1000,17260,-17260,0,-1.97,USD,16.6,C,P;,18338.03,1076.06,-660,0,,,0,,12/19/2012,,BUY,233640287,0000d388.50aa2856.02.01,0008b710.0000e969.50a9c123.0002,,1428554351,20121119;094824,,N/A,:290569279.106696:1556101413.0,20121119;094835,--,--,--,--,EXECUTION,0,0,-661.97,LMT
U1234567,USD,FUT,1,VXZ2,VIX 19DEC12,105079271,,,,,13455763,VIX,,301572972,20121119,20121119,94835,20121120,ExchTrade,CFE,1,17.26,1000,17260,-17260,0,-1.97,USD,16.6,C,P;,18338.03,1076.06,-660,0,,,0,,12/19/2012,,BUY,233640287,0000d388.50aa2858.02.01,0008b710.0000e969.50a9c123.0002,,1428554351,20121119;094824,,N/A,:290569279.106696:1556101422.0,20121119;094835,--,--,--,--,EXECUTION,0,0,-661.97,LMT
U1234567,USD,FUT,1,VXZ2,VIX 19DEC12,105079271,,,,,13455763,VIX,,301573298,20121119,20121119,94920,20121120,ExchTrade,CFE,63,17.26,1000,1087380,-1087380,0,-124.11,USD,16.6,C,P;,1152605.89,65101.78,-41580,0,,,0,,12/19/2012,,BUY,233640287,0000d388.50aa285d.02.01,0008b710.0000e969.50a9c123.0002,,1428554351,20121119;094824,,N/A,:290569279.106696:1556101934.0,20121119;094920,--,--,--,--,EXECUTION,0,0,-41704.11,LMT
U1234567,USD,FUT,1,VXZ2,VIX 19DEC12,105079271,,,,,13455763,VIX,,301574535,20121119,20121119,95319,20121120,ExchTrade,CFE,36,17.25,1000,621000,-621000,0,-70.92,USD,16.6,C,P;,677179.08,56108.16,-23400,0,,,0,,12/19/2012,,BUY,233642099,0000d388.50aa288e.02.01,0008b710.0000e969.50a9c127.0001,,1428554353,20121119;095319,,N/A,:290717625.106696:1556115737.0,20121119;095319,--,--,--,--,EXECUTION,0,0,-23470.92,LMT
U1234567,USD,FUT,1,VXZ2,VIX 19DEC12,105079271,,,,,13455763,VIX,,301574536,20121119,20121119,95322,20121120,ExchTrade,CFE,19,17.25,1000,327750,-327750,0,-37.43,USD,16.6,C,P;,359922.57,32135.14,-12350,0,,,0,,12/19/2012,,BUY,233642099,0000d388.50aa288f.02.01,0008b710.0000e969.50a9c127.0001,,1428554353,20121119;095319,,N/A,:290717625.106696:1556115925.0,20121119;095322,--,--,--,--,EXECUTION,0,0,-12387.43,LMT
U1234567,USD,FUT,1,VXZ2,VIX 19DEC12,105079271,,,,,13455763,VIX,,301575661,20121119,20121119,95400,20121120,ExchTrade,CFE,1,17.24,1000,17240,-17240,0,-1.97,USD,16.6,C,P;,18868.03,1626.06,-640,0,,,0,,12/19/2012,,BUY,233642099,0000d388.50aa28a0.02.01,0008b710.0000e969.50a9c127.0002,,1428554353,20121119;095327,,N/A,:290719598.106696:1556117414.0,20121119;095400,--,--,--,--,EXECUTION,0,0,-641.97,LMT
U1234567,USD,FUT,1,VXZ2,VIX 19DEC12,105079271,,,,,13455763,VIX,,301575663,20121119,20121119,95402,20121120,ExchTrade,CFE,40,17.24,1000,689600,-689600,0,-78.8,USD,16.6,C,P;,765491.2,75812.4,-25600,0,,,0,,12/19/2012,,BUY,233642099,0000d388.50aa28a2.02.01,0008b710.0000e969.50a9c127.0002,,1428554353,20121119;095327,,N/A,:290719598.106696:1556117947.0,20121119;095402,--,--,--,--,EXECUTION,0,0,-25678.8,LMT
U1234567,USD,FUT,1,VXZ2,VIX 19DEC12,105079271,,,,,13455763,VIX,,301574777,20121119,20121119,95410,20121120,ExchTrade,CFE,4,17.24,1000,68960,-68960,0,-7.88,USD,16.6,C,P;,77432.12,8464.24,-2560,0,,,0,,12/19/2012,,BUY,233642099,0000d388.50aa28a3.02.01,0008b710.0000e969.50a9c127.0002,,1428554353,20121119;095327,,N/A,:290719598.106696:1556118116.0,20121119;095410,--,--,--,--,EXECUTION,0,0,-2567.88,LMT
U1234567,USD,FUT,1,VXZ2,VIX 19DEC12,105079271,,,,,13455763,VIX,,301574937,20121119,20121119,95433,20121120,ExchTrade,CFE,8,17.24,1000,137920,-137920,0,-15.76,USD,16.6,C,P;,154864.24,16928.48,-5120,0,,,0,,12/19/2012,,BUY,233642381,0000d388.50aa28a5.02.01,0008b710.0000e969.50a9c12a.0001,,1428554354,20121119;095433,,N/A,:290737540.106696:1556118258.0,20121119;095433,--,--,--,--,EXECUTION,0,0,-5135.76,LMT
U1234567,USD,FUT,1,VXZ2,VIX 19DEC12,105079271,,,,,13455763,VIX,,301576061,20121119,20121119,95444,20121120,ExchTrade,CFE,1,17.22,1000,17220,-17220,0,-1.97,USD,16.6,C,P;,19448.03,2226.06,-620,0,,,0,,12/19/2012,,BUY,233642381,0000d388.50aa28a9.02.01,0008b710.0000e969.50a9c12a.0001,,1428554354,20121119;095433,,N/A,:290737540.106696:1556118471.0,20121119;095444,--,--,--,--,EXECUTION,0,0,-621.97,LMT
U1234567,USD,FUT,1,VXZ2,VIX 19DEC12,105079271,,,,,13455763,VIX,,301574972,20121119,20121119,95455,20121120,ExchTrade,CFE,2,17.21,1000,34420,-34420,0,-3.94,USD,16.6,C,P;,38896.06,4472.12,-1220,0,,,0,,12/19/2012,,BUY,233642381,0000d388.50aa28ab.02.01,0008b710.0000e969.50a9c12a.0001,,1428554354,20121119;095433,,N/A,:290737540.106696:1556118535.0,20121119;095455,--,--,--,--,EXECUTION,0,0,-1223.94,LMT
U1234567,USD,FUT,1,VXZ2,VIX 19DEC12,105079271,,,,,13455763,VIX,,301574975,20121119,20121119,95455,20121120,ExchTrade,CFE,1,17.21,1000,17210,-17210,0,-1.97,USD,16.6,C,P;,19448.03,2236.06,-610,0,,,0,,12/19/2012,,BUY,233642381,0000d388.50aa28ac.02.01,0008b710.0000e969.50a9c12a.0001,,1428554354,20121119;095433,,N/A,:290737540.106696:1556118544.0,20121119;095455,--,--,--,--,EXECUTION,0,0,-611.97,LMT
U1234567,USD,FUT,1,VXZ2,VIX 19DEC12,105079271,,,,,13455763,VIX,,301576092,20121119,20121119,95503,20121120,ExchTrade,CFE,1,17.21,1000,17210,-17210,0,-1.97,USD,16.6,C,P;,19448.03,2236.06,-610,0,,,0,,12/19/2012,,BUY,233642381,0000d388.50aa28ad.02.01,0008b710.0000e969.50a9c12a.0001,,1428554354,20121119;095433,,N/A,:290737540.106696:1556118591.0,20121119;095503,--,--,--,--,EXECUTION,0,0,-611.97,LMT
U1234567,USD,FUT,1,VXZ2,VIX 19DEC12,105079271,,,,,13455763,VIX,,301576094,20121119,20121119,95503,20121120,ExchTrade,CFE,2,17.21,1000,34420,-34420,0,-3.94,USD,16.6,C,P;,38896.06,4472.12,-1220,0,,,0,,12/19/2012,,BUY,233642381,0000d388.50aa28ae.02.01,0008b710.0000e969.50a9c12a.0001,,1428554354,20121119;095433,,N/A,:290737540.106696:1556118597.0,20121119;095503,--,--,--,--,EXECUTION,0,0,-1223.94,LMT
U1234567,USD,FUT,1,VXZ2,VIX 19DEC12,105079271,,,,,13455763,VIX,,301576096,20121119,20121119,95503,20121120,ExchTrade,CFE,1,17.19,1000,17190,-17190,0,-1.97,USD,16.6,C,P;,19448.03,2256.06,-590,0,,,0,,12/19/2012,,BUY,233642381,0000d388.50aa28af.02.01,0008b710.0000e969.50a9c12a.0001,,1428554354,20121119;095433,,N/A,:290737540.106696:1556118619.0,20121119;095503,--,--,--,--,EXECUTION,0,0,-591.97,LMT
U1234567,USD,FUT,1,VXZ2,VIX 19DEC12,105079271,,,,,13455763,VIX,,301575340,20121119,20121119,95537,20121120,ExchTrade,CFE,5,17.21,1000,86050,-86050,0,-9.85,USD,16.6,C,P;,97240.15,11180.3,-3050,0,,,0,,12/19/2012,,BUY,233642381,0000d388.50aa28b1.02.01,0008b710.0000e969.50a9c12a.0001,,1428554354,20121119;095433,,N/A,:290737540.106696:1556119318.0,20121119;095537,--,--,--,--,EXECUTION,0,0,-3059.85,LMT
U1234567,USD,FUT,1,VXZ2,VIX 19DEC12,105079271,,,,,13455763,VIX,,301575589,20121119,20121119,95549,20121120,ExchTrade,CFE,55,17.21,1000,946550,-946550,0,-108.35,USD,16.6,C,P;,1038801.65,92143.3,-33550,0,,,0,,12/19/2012,,BUY,233642381,0000d388.50aa28b3.02.01,0008b710.0000e969.50a9c12a.0001,,1428554354,20121119;095433,,N/A,:290737540.106696:1556119513.0,20121119;095549,--,--,--,--,EXECUTION,0,0,-33658.35,LMT
U1234567,USD,FUT,1,VXZ2,VIX 19DEC12,105079271,,,,,13455763,VIX,,301604983,20121119,20121119,110842,20121120,ExchTrade,CFE,6,17.2,1000,103200,-103200,0,-11.82,USD,16.6,C,P;,110088.18,6876.36,-3600,0,,,0,,12/19/2012,,BUY,233664169,0000d388.50aa2b3a.01.01,0008b710.0000e969.50a9c169.0001,,1428554381,20121119;110842,,N/A,:292097973.106696:1326762725.0,20121119;110842,--,--,--,--,EXECUTION,0,0,-3611.82,LMT
U1234567,USD,FUT,1,VXZ2,VIX 19DEC12,105079271,,,,,13455763,VIX,,301604985,20121119,20121119,110847,20121120,ExchTrade,CFE,34,17.2,1000,584800,-584800,0,-66.98,USD,16.6,C,P;,627443.02,42576.04,-20400,0,,,0,,12/19/2012,,BUY,233664169,0000d388.50aa2b3b.01.01,0008b710.0000e969.50a9c169.0001,,1428554381,20121119;110842,,N/A,:292097973.106696:1326762788.0,20121119;110842,--,--,--,--,EXECUTION,0,0,-20466.98,LMT
U1234567,USD,FUT,1,VXZ2,VIX 19DEC12,105079271,,,,,13455763,VIX,,301605994,20121119,20121119,111241,20121120,ExchTrade,CFE,10,17.15,1000,171500,-171500,0,-19.7,USD,16.6,C,,185880.3,14360.6,-5500,0,,,0,,12/19/2012,,BUY,233664881,0000d388.50aa2b5e.01.01,0008b710.0000e969.50a9c165.0001,,1428554376,20121119;110508,,N/A,:292027135.106696:1326767061.0,20121119;110508,--,--,--,--,EXECUTION,0,0,-5519.7,LMT
U1234567,USD,FUT,1,VXZ2,VIX 19DEC12,105079271,,,,,13455763,VIX,,301615692,20121119,20121119,114944,20121120,ExchTrade,CFE,10,17.2,1000,172000,-172000,0,-19.7,USD,16.6,C,,182250.3,10230.6,-6000,0,,,0,,12/19/2012,,BUY,233671854,0000d388.50aa2bd3.01.01,0008b710.0000e969.50a9c1ab.0001,,1428554412,20121119;114844,,N/A,:292430229.106696:1326799482.0,20121119;114844,--,--,--,--,EXECUTION,0,0,-6019.7,LMT
U1234567,USD,FUT,1,VXZ2,VIX 19DEC12,105079271,,,,,13455763,VIX,,301617219,20121119,20121119,115803,20121120,ExchTrade,CFE,20,17.15,1000,343000,-343000,0,-39.4,USD,16.6,C,P;,364320.6,21281.2,-11000,0,,,0,,12/19/2012,,BUY,233672982,0000d388.50aa2bf0.01.01,0008b710.0000e969.50a9c1b1.0002,,1428554416,20121119;115059,,N/A,:292496880.106696:1326805665.0,20121119;115803,--,--,--,--,EXECUTION,0,0,-11039.4,LMT
U1234567,USD,FUT,1,VXZ2,VIX 19DEC12,105079271,,,,,13455763,VIX,,301617222,20121119,20121119,115803,20121120,ExchTrade,CFE,5,17.15,1000,85750,-85750,0,-9.85,USD,16.6,C,P;,94690.15,8930.3,-2750,0,,,0,,12/19/2012,,BUY,233672982,0000d388.50aa2bee.01.01,0008b710.0000e969.50a9c1b1.0002,,1428554416,20121119;115059,,N/A,:292444254.106696:1326805399.0,20121119;115059,--,--,--,--,EXECUTION,0,0,-2759.85,LMT
U1234567,USD,FUT,1,VXZ2,VIX 19DEC12,105079271,,,,,13455763,VIX,,301617223,20121119,20121119,115803,20121120,ExchTrade,CFE,5,17.15,1000,85750,-85750,0,-9.85,USD,16.6,C,P;,94650.15,8890.3,-2750,0,,,0,,12/19/2012,,BUY,233672982,0000d388.50aa2bef.01.01,0008b710.0000e969.50a9c1b1.0002,,1428554416,20121119;115059,,N/A,:292496762.106696:1326805517.0,20121119;115803,--,--,--,--,EXECUTION,0,0,-2759.85,LMT
U1234567,USD,FUT,1,VXZ2,VIX 19DEC12,105079271,,,,,13455763,VIX,,301620599,20121119,20121119,120914,20121120,ExchTrade,CFE,1,17,1000,17000,-17000,0,-1.97,USD,16.6,C,P;,18918.03,1916.06,-400,0,,,0,,12/19/2012,,BUY,233675434,0000d388.50aa2c52.01.01,0008b710.0000e969.50a9c1bf.0003,,1428554422,20121119;120803,,N/A,:292656679.106696:1326827093.0,20121119;120803,--,--,--,--,EXECUTION,0,0,-401.97,LMT
U1234567,USD,FUT,1,VXZ2,VIX 19DEC12,105079271,,,,,13455763,VIX,,301620600,20121119,20121119,120914,20121120,ExchTrade,CFE,9,17,1000,153000,-153000,0,-17.73,USD,16.6,C,P;,170262.27,17244.54,-3600,0,,,0,,12/19/2012,,BUY,233675434,0000d388.50aa2c53.01.01,0008b710.0000e969.50a9c1bf.0003,,1428554422,20121119;120803,,N/A,:292656679.106696:1326827117.0,20121119;120803,--,--,--,--,EXECUTION,0,0,-3617.73,LMT
U1234567,USD,FUT,1,VXZ2,VIX 19DEC12,105079271,,,,,13455763,VIX,,301620601,20121119,20121119,120914,20121120,ExchTrade,CFE,4,17,1000,68000,-68000,0,-7.88,USD,16.6,C,P;,75672.12,7664.24,-1600,0,,,0,,12/19/2012,,BUY,233675434,0000d388.50aa2c54.01.01,0008b710.0000e969.50a9c1bf.0003,,1428554422,20121119;120803,,N/A,:292656679.106696:1326827127.0,20121119;120803,--,--,--,--,EXECUTION,0,0,-1607.88,LMT
U1234567,USD,FUT,1,VXZ2,VIX 19DEC12,105079271,,,,,13455763,VIX,,301620602,20121119,20121119,120914,20121120,ExchTrade,CFE,2,17,1000,34000,-34000,0,-3.94,USD,16.6,C,P;,37836.06,3832.12,-800,0,,,0,,12/19/2012,,BUY,233675434,0000d388.50aa2c55.01.01,0008b710.0000e969.50a9c1bf.0003,,1428554422,20121119;120803,,N/A,:292656679.106696:1326827137.0,20121119;120803,--,--,--,--,EXECUTION,0,0,-803.94,LMT
U1234567,USD,FUT,1,VXZ2,VIX 19DEC12,105079271,,,,,13455763,VIX,,301620603,20121119,20121119,120914,20121120,ExchTrade,CFE,1,17,1000,17000,-17000,0,-1.97,USD,16.6,C,P;,18918.03,1916.06,-400,0,,,0,,12/19/2012,,BUY,233675434,0000d388.50aa2c57.01.01,0008b710.0000e969.50a9c1bf.0003,,1428554422,20121119;120803,,N/A,:292656679.106696:1326827159.0,20121119;120803,--,--,--,--,EXECUTION,0,0,-401.97,LMT
U1234567,USD,FUT,1,VXZ2,VIX 19DEC12,105079271,,,,,13455763,VIX,,301620607,20121119,20121119,120914,20121120,ExchTrade,CFE,3,17,1000,51000,-51000,0,-5.91,USD,16.6,C,P;,56754.09,5748.18,-1200,0,,,0,,12/19/2012,,BUY,233675434,0000d388.50aa2c56.01.01,0008b710.0000e969.50a9c1bf.0003,,1428554422,20121119;120803,,N/A,:292656679.106696:1326827157.0,20121119;120803,--,--,--,--,EXECUTION,0,0,-1205.91,LMT
U1234567,USD,FUT,1,VXZ2,VIX 19DEC12,105079271,,,,,13455763,VIX,,301658404,20121119,20121119,161459,20121120,ExchTrade,CFE,2,16.65,1000,33300,-33300,0,-3.94,USD,16.6,C,P;,37836.06,4532.12,-100,0,,,0,,12/19/2012,,BUY,233702933,0000d388.50aa31eb.03.01,0008b710.0000e969.50a9c2aa.0001,,10130383,20121119;154153,,N/A,:293905618.106696:1327027448.0,20121119;161459,--,--,--,--,EXECUTION,0,0,-103.94,LMT
U1234567,USD,FUT,1,VXZ2,VIX 19DEC12,105079271,,,,,13455763,VIX,,301658409,20121119,20121119,161459,20121120,ExchTrade,CFE,8,16.64,1000,133120,-133120,0,-15.76,USD,16.6,C,P;,151294.24,18158.48,-320,0,,,0,,12/19/2012,,BUY,233702933,0000d388.50aa31ed.03.01,0008b710.0000e969.50a9c2aa.0001,,10130383,20121119;154153,,N/A,:293905618.106696:1556310324.0,20121119;161459,--,--,--,--,EXECUTION,0,0,-335.76,LMT
U1234567,USD,FUT,1,VXZ2,VIX 19DEC12,105079271,,,,,13455763,VIX,,301658476,20121119,20121119,161459,20121120,ExchTrade,CFE,10,16.6,1000,166000,-166000,0,-19.7,USD,16.6,C,P;,191980.3,25960.6,0,0,,,0,,12/19/2012,,BUY,233702933,0000d388.50aa31f5.03.01,0008b710.0000e969.50a9c2aa.0001,,10130383,20121119;154153,,N/A,:293905618.106696:1327027826.0,20121119;161459,--,--,--,--,EXECUTION,0,0,-19.7,LMT
U1234567,USD,FUT,1,VXZ2,VIX 19DEC12,105079271,,,,,13455763,VIX,,301658411,20121119,20121119,161459,20121120,ExchTrade,CFE,5,16.65,1000,83250,-83250,0,-9.85,USD,16.6,C,P;,94340.15,11080.3,-250,0,,,0,,12/19/2012,,BUY,233702938,0000d388.50aa31ef.03.01,0008b710.0000e969.50a9c2a6.0001,,10130377,20121119;153904,,N/A,:293894164.106696:1556310318.0,20121119;161459,--,--,--,--,EXECUTION,0,0,-259.85,LMT
U1234567,USD,FUT,1,VXZ2,VIX 19DEC12,105079271,,,,,13455763,VIX,,301658412,20121119,20121119,161459,20121120,ExchTrade,CFE,15,16.65,1000,249750,-249750,0,-29.55,USD,16.6,C,P;,283020.45,33240.9,-750,0,,,0,,12/19/2012,,BUY,233702938,0000d388.50aa31f0.03.01,0008b710.0000e969.50a9c2a6.0001,,10130377,20121119;153904,,N/A,:293894164.106696:1327027192.0,20121119;161459,--,--,--,--,EXECUTION,0,0,-779.55,LMT
U1234567,USD,FUT,1,VXZ2,VIX 19DEC12,105079271,,,,,13455763,VIX,,301658466,20121119,20121119,161459,20121120,ExchTrade,CFE,9,16.65,1000,149850,-149850,0,-17.73,USD,16.6,C,P;,169812.27,19944.54,-450,0,,,0,,12/19/2012,,BUY,233702938,0000d388.50aa31e8.03.01,0008b710.0000e969.50a9c2a6.0001,,10130377,20121119;153904,,N/A,:293894164.106696:1327027174.0,20121119;161459,--,--,--,--,EXECUTION,0,0,-467.73,LMT
U1234567,USD,FUT,1,VXZ2,VIX 19DEC12,105079271,,,,,13455763,VIX,,301658474,20121119,20121119,161459,20121120,ExchTrade,CFE,71,16.65,1000,1182150,-1182150,0,-139.87,USD,16.6,C,P;,1338170.13,155880.26,-3550,0,,,0,,12/19/2012,,BUY,233702938,0000d388.50aa31f1.03.01,0008b710.0000e969.50a9c2a6.0001,,10130377,20121119;153904,,N/A,:293894164.106696:1327027220.0,20121119;161459,--,--,--,--,EXECUTION,0,0,-3689.87,LMT
U1234567,USD,FUT,1,VXZ2,VIX 19DEC12,105079271,,,,,13455763,VIX,,301658415,20121119,20121119,161459,20121120,ExchTrade,CFE,10,16.6,1000,166000,-166000,0,-19.7,USD,16.6,C,P;,188680.3,22660.6,0,0,,,0,,12/19/2012,,BUY,233702940,0000d388.50aa31f3.03.01,0008b710.0000e969.50a9c2b0.0001,,10130380,20121119;154202,,N/A,:293905875.106696:1327027909.0,20121119;161459,--,--,--,--,EXECUTION,0,0,-19.7,LMT
U1234567,USD,FUT,1,VXZ2,VIX 19DEC12,105079271,,,,,13455763,VIX,,301658419,20121119,20121119,161459,20121120,ExchTrade,CFE,9,16.6,1000,149400,-149400,0,-17.73,USD,16.6,C,P;,169812.27,20394.54,0,0,,,0,,12/19/2012,,BUY,233702940,0000d388.50aa31f7.03.01,0008b710.0000e969.50a9c2b0.0001,,10130380,20121119;154202,,N/A,:293905875.106696:1327028099.0,20121119;161459,--,--,--,--,EXECUTION,0,0,-17.73,LMT
U1234567,USD,FUT,1,VXZ2,VIX 19DEC12,105079271,,,,,13455763,VIX,,301658477,20121119,20121119,161459,20121120,ExchTrade,CFE,1,16.64,1000,16640,-16640,0,-1.97,USD,16.6,C,P;,19198.03,2556.06,-40,0,,,0,,12/19/2012,,BUY,233702940,0000d388.50aa31f6.03.01,0008b710.0000e969.50a9c2b0.0001,,10130380,20121119;154202,,N/A,:293905875.106696:1556310394.0,20121119;161459,--,--,--,--,EXECUTION,0,0,-41.97,LMT
U1234567,USD,FUT,1,VXZ2,VIX 19DEC12,105079271,,,,,13455763,VIX,,301658423,20121119,20121119,161459,20121120,ExchTrade,CFE,20,16.6,1000,332000,-332000,0,-39.4,USD,16.6,C,,377360.6,45321.2,0,0,,,0,,12/19/2012,,BUY,233702946,0000d388.50aa31fa.03.01,0008b710.0000e969.50a9c2ac.0001,,10130381,20121119;154155,,N/A,:293905626.106696:1327028179.0,20121119;161459,--,--,--,--,EXECUTION,0,0,-39.4,LMT
U1234567,USD,FUT,1,VXZ2,VIX 19DEC12,105079271,,,,,13455763,VIX,,301658472,20121119,20121119,161459,20121120,ExchTrade,CFE,20,16.65,1000,333000,-333000,0,-39.4,USD,16.6,C,,377360.6,44321.2,-1000,0,,,0,,12/19/2012,,BUY,233702973,0000d388.50aa31ec.03.01,0008b710.0000e969.50a9c2ae.0001,,10130382,20121119;154201,,N/A,:293905753.106696:1327027391.0,20121119;161459,--,--,--,--,EXECUTION,0,0,-1039.4,LMT
U1234567,USD,FUT,1,VXZ2,VIX 19DEC12,105079271,,,,,13455763,VIX,,301658484,20121119,20121119,161459,20121120,ExchTrade,CFE,20,16.6,1000,332000,-332000,0,-39.4,USD,16.6,C,,385560.6,53521.2,0,0,,,0,,12/19/2012,,BUY,233702979,0000d388.50aa31fb.03.01,0008b710.0000e969.50a9c2a4.0003,,10130379.2,20121119;154158,,N/A,:293905709.106696:1327028225.0,20121119;161459,--,--,--,--,EXECUTION,0,0,-39.4,LMT
